taxa,group,color
LR10,MW,red
LR100,MW,red
LR101,MW,red
LR102,MW,red
LR103,MW,red
LR104,MW,red
LR105,MW,red
LR106,MW,red
LR107,MW,red
LR108,MW,red
LR109,MW,red
LR11,MW,red
LR111,MW,red
LR112,MW,red
LR113,MW,red
LR114,MW,red
LR115,MW,red
LR116,MW,red
LR117,MW,red
LR118,MW,red
LR119,MW,red
LR12,MW,red
LR120,MW,red
LR121,MW,red
LR122,MW,red
LR123,MW,red
LR124,MW,red
LR125,MW,red
LR126,MW,red
LR127,MW,red
LR128,MW,red
LR129,MW,red
LR13,MW,red
LR130,MW,red
LR131,MW,red
LR132,MW,red
LR133,MW,red
LR134,MW,red
LR135,MW,red
LR136,MW,red
LR137,MW,red
LR138,MW,red
LR139,MW,red
LR14,MW,red
LR140,MW,red
LR141,MW,red
LR142,MW,red
LR143,MW,red
LR144,MW,red
LR145,MW,red
LR146,MW,red
LR147,MW,red
LR148,MW,red
LR149,MW,red
LR15,MW,red
LR150,MW,red
LR151,MW,red
LR152,MW,red
LR153,MW,red
LR154,MW,red
LR155,MW,red
LR156,MW,red
LR157,MW,red
LR158,MW,red
LR159,MW,red
LR16,MW,red
LR160,MW,red
LR161,MW,red
LR162,MW,red
LR163,MW,red
LR164,MW,red
LR165,MW,red
LR166,MW,red
LR167,MW,red
LR168,MW,red
LR169,MW,red
LR17,MW,red
LR170,MW,red
LR171,MW,red
LR172,MW,red
LR173,MW,red
LR174,MW,red
LR175,MW,red
LR176,MW,red
LR177,MW,red
LR178,MW,red
LR179,MW,red
LR18,MW,red
LR180,MW,red
LR181,MW,red
LR182,MW,red
LR183,MW,red
LR184,MW,red
LR185,MW,red
LR186,MW,red
LR187,MW,red
LR188,MW,red
LR189,MW,red
LR19,MW,red
LR190,MW,red
LR191,MW,red
LR192,MW,red
LR193,MW,red
LR194,MW,red
LR195,MW,red
LR196,MW,red
LR197,MW,red
LR198,MW,red
LR199,MW,red
LR20,MW,red
LR200,MW,red
LR201,MW,red
LR202,MW,red
LR203,MW,red
LR204,MW,red
LR205,MW,red
LR206,MW,red
LR207,MW,red
LR208,MW,red
LR209,MW,red
LR21,MW,red
LR210,MW,red
LR211,MW,red
LR212,MW,red
LR213,MW,red
LR214,MW,red
LR215,MW,red
LR216,MW,red
LR217,MW,red
LR218,MW,red
LR219,MW,red
LR22,MW,red
LR220,MW,red
LR221,MW,red
LR222,MW,red
LR223,MW,red
LR224,MW,red
LR225,MW,red
LR226,MW,red
LR227,MW,red
LR228,MW,red
LR229,MW,red
LR23,MW,red
LR230,MW,red
LR231,MW,red
LR232,MW,red
LR233,MW,red
LR234,MW,red
LR235,MW,red
LR236,MW,red
LR237,MW,red
LR238,MW,red
LR239,MW,red
LR24,MW,red
LR240,MW,red
LR241,MW,red
LR242,MW,red
LR243,MW,red
LR244,MW,red
LR245,MW,red
LR246,MW,red
LR247,MW,red
LR248,MW,red
LR249,MW,red
LR25,MW,red
LR250,MW,red
LR251,MW,red
LR252,MW,red
LR253,MW,red
LR254,MW,red
LR255,MW,red
LR256,MW,red
LR257,MW,red
LR258,MW,red
LR259,MW,red
LR26,MW,red
LR260,MW,red
LR261,MW,red
LR262,MW,red
LR263,MW,red
LR264,MW,red
LR265,MW,red
LR266,MW,red
LR267,MW,red
LR268,MW,red
LR269,MW,red
LR27,MW,red
LR270,MW,red
LR271,MW,red
LR272,MW,red
LR273,MW,red
LR274,MW,red
LR275,MW,red
LR276,MW,red
LR277,MW,red
LR278,MW,red
LR279,MW,red
LR28,MW,red
LR280,MW,red
LR281,MW,red
LR29,MW,red
LR30,MW,red
LR31,MW,red
LR32,MW,red
LR33,MW,red
LR34,MW,red
LR35,MW,red
LR36,MW,red
LR37,MW,red
LR38,MW,red
LR39,MW,red
LR4,MW,red
LR40,MW,red
LR41,MW,red
LR42,MW,red
LR43,MW,red
LR44,MW,red
LR45,MW,red
LR46,MW,red
LR47,MW,red
LR48,MW,red
LR5,MW,red
LR50,MW,red
LR51,MW,red
LR52,MW,red
LR53,MW,red
LR54,MW,red
LR55,MW,red
LR56,MW,red
LR57,MW,red
LR58,MW,red
LR59,MW,red
LR6,MW,red
LR60,MW,red
LR61,MW,red
LR62,MW,red
LR63,MW,red
LR64,MW,red
LR65,MW,red
LR66,MW,red
LR67,MW,red
LR68,MW,red
LR69,MW,red
LR7,MW,red
LR70,MW,red
LR71,MW,red
LR72,MW,red
LR73,MW,red
LR74,MW,red
LR75,MW,red
LR76,MW,red
LR77,MW,red
LR78,MW,red
LR79,MW,red
LR8,MW,red
LR80,MW,red
LR81,MW,red
LR82,MW,red
LR83,MW,red
LR84,MW,red
LR85,MW,red
LR86,MW,red
LR87,MW,red
LR88,MW,red
LR89,MW,red
LR9,MW,red
LR90,MW,red
LR91,MW,red
LR92,MW,red
LR93,MW,red
LR94,MW,red
LR95,MW,red
LR96,MW,red
LR97,MW,red
LR98,MW,red
LR99,MW,red
Q100,HH,blue
Q101,HH,blue
Q102,HH,blue
Q103,HH,blue
Q104,HH,blue
Q105,HH,blue
Q106,HH,blue
Q107,HH,blue
Q108,HH,blue
Q109,HH,blue
Q11,HH,blue
Q110,HH,blue
Q111,HH,blue
Q112,HH,blue
Q113,HH,blue
Q114,HH,blue
Q115,HH,blue
Q116,HH,blue
Q117,HH,blue
Q118,HH,blue
Q119,HH,blue
Q12,HH,blue
Q120,HH,blue
Q121,HH,blue
Q122,HH,blue
Q123,HH,blue
Q124,HH,blue
Q125,HH,blue
Q126,HH,blue
Q127,HH,blue
Q128,HH,blue
Q129,HH,blue
Q130,HH,blue
Q131,HH,blue
Q132,HH,blue
Q133,HH,blue
Q134,HH,blue
Q135,HH,blue
Q136,HH,blue
Q137,HH,blue
Q138,HH,blue
Q139,HH,blue
Q14,HH,blue
Q140,HH,blue
Q141,HH,blue
Q142,HH,blue
Q143,HH,blue
Q144,HH,blue
Q145,HH,blue
Q146,HH,blue
Q147,HH,blue
Q148,HH,blue
Q15,HH,blue
Q151,YS,blue
Q152,YS,blue
Q153,YS,blue
Q154,YS,blue
Q155,YS,blue
Q156,YS,blue
Q157,YS,blue
Q158,YS,blue
Q159,YS,blue
Q16,HH,blue
Q160,YS,blue
Q161,YS,blue
Q162,YS,blue
Q163,YS,blue
Q164,YS,blue
Q165,YS,blue
Q166,YS,blue
Q167,YS,blue
Q168,YS,blue
Q169,YS,blue
Q17,HH,blue
Q170,YS,blue
Q171,YS,blue
Q172,YS,blue
Q173,YS,blue
Q174,YS,blue
Q175,YS,blue
Q176,YS,blue
Q177,YS,blue
Q178,YS,blue
Q179,YS,blue
Q180,YS,blue
Q181,YS,blue
Q182,YS,blue
Q183,YS,blue
Q184,YS,blue
Q185,YS,blue
Q186,YS,blue
Q187,YS,blue
Q188,YS,blue
Q189,YS,blue
Q19,HH,blue
Q190,YS,blue
Q191,YS,blue
Q192,YS,blue
Q193,YS,blue
Q194,YS,blue
Q195,YS,blue
Q196,YS,blue
Q197,YS,blue
Q198,YS,blue
Q199,YS,blue
Q2,HH,blue
Q20,HH,blue
Q200,YS,blue
Q201,YS,blue
Q202,YS,blue
Q203,YS,blue
Q204,YS,blue
Q205,YS,blue
Q206,YS,blue
Q207,YS,blue
Q208,YS,blue
Q209,YS,blue
Q21,HH,blue
Q210,YS,blue
Q211,YS,blue
Q212,YS,blue
Q213,YS,blue
Q214,YS,blue
Q215,YS,blue
Q216,YS,blue
Q217,YS,blue
Q218,YS,blue
Q219,YS,blue
Q220,YS,blue
Q221,YS,blue
Q222,YS,blue
Q223,YS,blue
Q224,YS,blue
Q225,YS,blue
Q226,YS,blue
Q227,YS,blue
Q228,YS,blue
Q229,YS,blue
Q23,HH,blue
Q230,YS,blue
Q231,YS,blue
Q232,YS,blue
Q233,YS,blue
Q234,YS,blue
Q235,YS,blue
Q236,YS,blue
Q237,YS,blue
Q238,YS,blue
Q239,YS,blue
Q240,YS,blue
Q241,YS,blue
Q242,YS,blue
Q243,YS,blue
Q244,YS,blue
Q245,YS,blue
Q246,YS,blue
Q247,YS,blue
Q248,YS,blue
Q249,YS,blue
Q25,HH,blue
Q250,YS,blue
Q251,YS,blue
Q254,YS,blue
Q255,YS,blue
Q258,YS,blue
Q26,HH,blue
Q261,YS,blue
Q264,YS,blue
Q266,YS,blue
Q268,YS,blue
Q27,YS,blue
Q273,YS,blue
Q275,YS,blue
Q276,YS,blue
Q278,YS,blue
Q279,YS,blue
Q28,HH,blue
Q280,YS,blue
Q282,YS,blue
Q284,YS,blue
Q288,YS,blue
Q29,HH,blue
Q292,YS,blue
Q297,YS,blue
Q298,YS,blue
Q3,HH,blue
Q30,HH,blue
Q301,YS,blue
Q302,YS,blue
Q303,YS,blue
Q304,YS,blue
Q305,YS,blue
Q306,YS,blue
Q307,YS,blue
Q308,YS,blue
Q309,YS,blue
Q310,YS,blue
Q311,YS,blue
Q312,YS,blue
Q313,YS,blue
Q314,YS,blue
Q315,YS,blue
Q316,YS,blue
Q317,YS,blue
Q318,YS,blue
Q319,YS,blue
Q32,HH,blue
Q320,YS,blue
Q321,YS,blue
Q322,YS,blue
Q323,YS,blue
Q324,YS,blue
Q325,YS,blue
Q326,YS,blue
Q327,YS,blue
Q328,YS,blue
Q329,YS,blue
Q33,HH,blue
Q330,YS,blue
Q331,YS,blue
Q332,YS,blue
Q333,YS,blue
Q341,HH,blue
Q342,HH,blue
Q343,HH,blue
Q344,HH,blue
Q345,HH,blue
Q346,HH,blue
Q347,HH,blue
Q348,HH,blue
Q349,HH,blue
Q35,HH,blue
Q350,HH,blue
Q37,HH,blue
Q38,HH,blue
Q39,HH,blue
Q4,HH,blue
Q401,HH,blue
Q402,HH,blue
Q403,HH,blue
Q404,HH,blue
Q407,HH,blue
Q408,HH,blue
Q409,HH,blue
Q41,HH,blue
Q410,HH,blue
Q411,HH,blue
Q412,HH,blue
Q413,HH,blue
Q414,HH,blue
Q415,HH,blue
Q416,HH,blue
Q417,HH,blue
Q418,HH,blue
Q419,HH,blue
Q42,HH,blue
Q420,HH,blue
Q421,HH,blue
Q422,HH,blue
Q423,HH,blue
Q424,HH,blue
Q425,HH,blue
Q426,HH,blue
Q427,HH,blue
Q428,HH,blue
Q429,HH,blue
Q430,HH,blue
Q431,HH,blue
Q432,HH,blue
Q433,HH,blue
Q435,HH,blue
Q436,HH,blue
Q437,HH,blue
Q438,HH,blue
Q439,HH,blue
Q44,HH,blue
Q440,HH,blue
Q441,HH,blue
Q442,HH,blue
Q443,HH,blue
Q445,HH,blue
Q447,HH,blue
Q448,HH,blue
Q449,HH,blue
Q45,HH,blue
Q450,HH,blue
Q451,HH,blue
Q452,HH,blue
Q453,HH,blue
Q454,HH,blue
Q455,HH,blue
Q456,HH,blue
Q457,HH,blue
Q458,HH,blue
Q46,HH,blue
Q460,HH,blue
Q461,HH,blue
Q462,HH,blue
Q464,HH,blue
Q465,HH,blue
Q466,HH,blue
Q467,HH,blue
Q468,HH,blue
Q469,HH,blue
Q47,HH,blue
Q471,HH,blue
Q472,HH,blue
Q473,HH,blue
Q474,HH,blue
Q475,HH,blue
Q476,HH,blue
Q477,HH,blue
Q478,HH,blue
Q479,HH,blue
Q48,HH,blue
Q480,HH,blue
Q481,HH,blue
Q482,HH,blue
Q483,HH,blue
Q484,HH,blue
Q485,HH,blue
Q486,HH,blue
Q487,HH,blue
Q489,HH,blue
Q49,HH,blue
Q490,HH,blue
Q491,HH,blue
Q492,HH,blue
Q493,HH,blue
Q494,HH,blue
Q495,HH,blue
Q496,HH,blue
Q497,HH,blue
Q498,HH,blue
Q499,HH,blue
Q5,HH,blue
Q50,HH,blue
Q500,HH,blue
Q501,HH,blue
Q502,HH,blue
Q503,HH,blue
Q504,HH,blue
Q505,HH,blue
Q506,HH,blue
Q507,HH,blue
Q508,HH,blue
Q51,HH,blue
Q511,HH,blue
Q512,HH,blue
Q513,HH,blue
Q514,HH,blue
Q515,HH,blue
Q516,HH,blue
Q517,HH,blue
Q518,HH,blue
Q519,HH,blue
Q52,HH,blue
Q520,HH,blue
Q521,HH,blue
Q522,HH,blue
Q523,HH,blue
Q524,HH,blue
Q525,HH,blue
Q526,HH,blue
Q527,HH,blue
Q528,HH,blue
Q529,HH,blue
Q53,HH,blue
Q530,HH,blue
Q531,HH,blue
Q532,HH,blue
Q535,HH,blue
Q536,HH,blue
Q537,HH,blue
Q538,HH,blue
Q539,HH,blue
Q54,HH,blue
Q540,HH,blue
Q541,HH,blue
Q543,HH,blue
Q544,HH,blue
Q546,HH,blue
Q547,HH,blue
Q548,HH,blue
Q549,HH,blue
Q55,HH,blue
Q551,HH,blue
Q552,HH,blue
Q553,HH,blue
Q554,HH,blue
Q555,HH,blue
Q556,HH,blue
Q56,HH,blue
Q57,HH,blue
Q58,HH,blue
Q59,HH,blue
Q6,HH,blue
Q60,HH,blue
Q62,HH,blue
Q63,HH,blue
Q65,HH,blue
Q66,HH,blue
Q68,HH,blue
Q69,HH,blue
Q7,HH,blue
Q71,HH,blue
Q72,HH,blue
Q73,HH,blue
Q75,HH,blue
Q76,HH,blue
Q77,HH,blue
Q78,HH,blue
Q8,HH,blue
Q80,HH,blue
Q81,HH,blue
Q82,HH,blue
Q83,HH,blue
Q85,HH,blue
Q86,HH,blue
Q87,HH,blue
Q88,HH,blue
Q89,HH,blue
Q9,HH,blue
Q90,HH,blue
Q92,HH,blue
Q93,HH,blue
Q95,HH,blue
Q96,HH,blue
Q97,HH,blue
Q98,HH,blue
