taxa,PC1,PC2,PC3
LR10,-15.0312525036996,0.218958449339942,-20.3192608447615
LR100,-21.0701904973451,-1.20765984900259,-22.2524108498084
LR101,-0.0533846055801503,8.49285011552567,-0.559622636651852
LR102,-8.42806556022841,4.36784124679186,-11.1452530905894
LR103,-0.753837048380615,7.15047946360105,-0.701163382155238
LR104,-36.4148113990696,-19.1070254853287,14.4465911718587
LR105,-43.0888895216869,-19.0130605411948,1.12214695020032
LR106,-0.354116182142007,7.05215499707007,-1.72014421795653
LR107,-1.53609944783202,7.27269369824881,-0.11687157185594
LR108,-30.5117534975433,-13.6953360982816,15.8178651053343
LR109,-4.8159372644596,6.77751153587511,-0.960400386204689
LR11,0.459220975260719,10.1050616691174,-1.91626558844366
LR111,-1.74442904733946,8.92774128253958,0.0158489968106997
LR112,-34.9449054308799,-15.5904293385362,13.5648631866049
LR113,1.28361447400194,8.31162061140362,-0.82398942759066
LR114,-34.0486856112597,-14.5793223601439,14.6664479296801
LR115,-0.055666921729017,6.78384226815637,-1.54473698633816
LR116,-4.73083463976797,6.41285176433465,-5.29722429468672
LR117,-44.2121340765287,-20.8754190184679,2.12378342223705
LR118,-0.535530221700143,7.68284675009376,-1.27781464070583
LR119,-20.5320478894196,-3.39655167314633,-20.2964593553511
LR12,0.53108142204874,8.84362210810954,-1.49574093405022
LR120,-0.150764378749901,9.54065459386145,-2.36096172847328
LR121,-11.0389307097194,6.26954661792771,-24.9069612941517
LR122,-3.66026070289365,9.78450355057236,-0.685762200150726
LR123,-1.16319294513069,7.26646049178497,-1.92578164615911
LR124,-32.9299798165267,-14.5133264476409,13.3518012066061
LR125,-1.29247607307666,6.72380234249301,-0.0728525262718529
LR126,-34.0789187946626,-14.9688807125574,11.0791577889994
LR127,-1.1358693663436,7.88213117883049,-0.343672551054364
LR128,-46.4828615021821,-22.3417939282878,6.8510463673021
LR129,-16.6320195297015,-0.155236311503496,-16.4726315742414
LR13,0.358143465098085,7.14706855789378,-0.823772767110628
LR130,-0.640128545390521,9.67559781574599,-2.75674071444414
LR131,-14.7181680093441,-3.4960865031818,5.89492363713977
LR132,0.196727366827448,6.50109010412576,0.983077440608721
LR133,-13.9718130873346,-0.57153716953569,-19.1603085120747
LR134,-32.9405478104007,-14.578806771117,14.3746314784612
LR135,-1.24629073739868,7.95932132995472,-1.49195902779993
LR136,-32.2009134938171,-14.0152308298371,1.54208424277681
LR137,-0.362294064207572,7.80895680767031,-0.462505756085855
LR138,-11.8422961703068,3.46402629418074,-13.7554784943499
LR139,-36.2113656464735,-15.6664806101648,14.1608910659085
LR14,-0.42561632789403,6.34939184475197,-0.877535534645743
LR140,-14.4783805777909,2.68961663881316,-21.1565344903526
LR141,-41.6702267409962,-20.1529644047597,-0.203499225208114
LR142,-20.1120497705375,-1.4571763905106,-22.051068193879
LR143,-30.8929836039469,-10.5079955284842,-3.89273722463871
LR144,-35.7622303921238,-16.5842022099319,10.4047600365508
LR145,-2.1299517949477,6.1539554997693,-1.11134801496881
LR146,-2.5618491349208,6.92515057817293,-1.20624232563989
LR147,-33.6949730790477,-16.2500239711165,14.591039255097
LR148,-0.0618619216372787,7.21721018741135,0.314716920229575
LR149,-2.25395750879594,7.85865650711838,-1.27599778136082
LR15,-0.398324539353103,6.98333790477233,-0.761113888709172
LR150,-20.8321442079775,-6.99056452378847,12.7906356450297
LR151,-44.7039398607407,-22.995400902739,5.58823373931545
LR152,-0.293652056353053,7.19378838822838,-2.65271488070608
LR153,0.114191916772304,8.76669915251488,-0.76779930530777
LR154,-13.8051595913677,0.526270480854921,-13.5374842487649
LR155,-11.8523532164881,0.515685894623874,-5.02255498281348
LR156,-0.741393025138647,8.74204127031881,-0.0754277741247623
LR157,0.0313066754840207,5.46219496078276,-1.10265550018343
LR158,-1.8614487242534,7.26671581580524,-1.74178584200848
LR159,0.464221945292412,7.13903407812554,-0.46230377216035
LR16,-11.7598340121064,3.79049813441682,-15.1364776252156
LR160,0.0403139498273311,8.55489429413723,-1.7236016331846
LR161,-22.4426403640206,-6.93414766135149,-1.5094007280604
LR162,-15.4628630106298,-1.28181883244469,-21.8072788077208
LR163,-1.65138359419387,8.22907711543858,-1.85130209948339
LR164,-0.907895913036874,7.22287122282273,-0.259491580998524
LR165,0.306248811216481,8.55210575882951,0.704875424431626
LR166,-7.88918763675703,2.8537650871555,-7.57313945569825
LR167,-21.4557356013419,-5.11585916948888,-10.5676587383622
LR168,-0.672312027569095,6.58838714445763,-0.815705746118803
LR169,-1.99464090579946,9.04471999381807,-1.0001744829748
LR17,-0.152438424830897,9.89575976620016,-1.40382902455099
LR170,-23.4752188666578,-5.92921637620119,5.92125875145067
LR171,-19.7204441575937,-2.75974312359995,-16.0813703051175
LR172,-43.6845732720711,-19.4493893802675,7.27006221980418
LR173,-33.5931267338478,-14.2319886253472,10.1888341920702
LR174,-0.569412235517801,7.64788836946283,-0.87128388729167
LR175,-17.3302866419351,-2.21249805868862,-17.631008606457
LR176,-8.75318935872209,6.95739745207562,-18.1720641476009
LR177,-0.0833137411515199,7.91207890649564,0.479904730128114
LR178,-11.5356491598621,3.88184061989391,-14.5831609771722
LR179,-18.870420081007,-2.86832135099054,-17.3140276976077
LR18,-0.616016209262518,9.59507347149525,-0.789632849731168
LR180,-16.854827933718,-0.594027273853689,-20.982857977841
LR181,-20.0724276844933,-2.85712567331314,-17.8488197860924
LR182,-4.94786895539718,4.52534937318435,1.9068922575726
LR183,-0.548642026401868,8.15343584350838,-2.2234626752159
LR184,-18.5451150276065,-2.36328720351317,-18.0698534753544
LR185,-24.05130531684,-6.75196190844555,0.395494917190228
LR186,-31.3875236488003,-13.9458557231814,15.5306257577797
LR187,-3.86205569653304,7.38345146818486,-3.78716134972511
LR188,-0.746698149063783,8.12049118105417,-0.957203455309308
LR189,-11.5523362368989,6.13621752261786,-20.2656624799649
LR19,-0.0323876429914885,7.6508911291781,-0.707310837749197
LR190,0.159672340262021,8.15878829624506,0.904750425358861
LR191,-17.9510270369738,-0.260123066396019,-24.7705769183413
LR192,-19.564817014128,-1.77474434590106,-21.206538933536
LR193,-34.0328789452853,-15.0884335861885,11.5148532831802
LR194,-10.6686206989426,2.91710633370576,-14.3658228799818
LR195,-0.0195076569911482,8.08089308394489,-0.495529592224988
LR196,-47.6872014995195,-25.7803814177419,18.8419775013612
LR197,-0.83744193141968,8.21204420174216,0.478995025244826
LR198,-2.77674649037608,8.3649093778625,-2.750111436971
LR199,-11.1488285207433,2.55357286486407,-12.7001023580825
LR20,-2.11678198574596,6.383137259296,-2.71488549596762
LR200,-5.90415347403543,8.18618098466198,-5.50025109947049
LR201,0.73951549480305,8.84795770427487,0.0794706180470096
LR202,-34.3708494262337,-16.322204883282,12.3463703368741
LR203,-0.196490355510272,6.81702291948898,-0.566611053589089
LR204,-1.5211885870062,8.22883276947117,-1.84548610197765
LR205,-25.7547616672222,-5.66054371864547,-21.4680888538151
LR206,-34.1330214445793,-16.9188423388249,9.17249248124535
LR207,-1.08800901194762,8.99331023487877,-0.700868402639459
LR208,-16.5081907553195,0.334138136345801,-17.3574862800626
LR209,-1.33898415840989,10.3909642183332,-0.73819123750054
LR21,-0.349191568055398,8.64460370162177,-2.07903567934793
LR210,-18.2815585579456,-1.23574678626593,-20.185629050074
LR211,-0.728721461850216,7.12478505507698,-0.777396575128339
LR212,-30.50525884163,-10.6754368175242,-4.64744598797176
LR213,-1.67258874811911,7.10893050847392,-0.225520268759685
LR214,-4.37953038731015,6.25669196499182,0.546166742328459
LR215,-27.059101880085,-10.0755412037256,-4.27610527515487
LR216,-1.21803805493601,8.63370258691679,0.582408373440895
LR217,-4.66509137810664,7.97603529680903,-6.19534977736608
LR218,-10.984701554295,3.42426139117406,-13.4382181083694
LR219,-1.52188086544991,7.20881239748954,-1.73868440758496
LR22,-1.87611539252881,8.39056407495049,-1.17502588224139
LR220,-18.2940678996015,-0.981546188546725,-20.178769712346
LR221,-34.8281597986716,-15.8886319463507,9.99520328298604
LR222,-36.3479034020178,-15.1551882805465,7.16218068361366
LR223,-0.513168349900655,8.7044128172422,-0.289557782048448
LR224,-32.7248857168837,-17.0746027043844,14.1385378494507
LR225,-33.2304829144558,-16.3233783815722,16.8213533695426
LR226,-1.58342542583847,12.0866431999756,-10.053476812096
LR227,-1.80840680793728,10.0662214467418,-8.41160628968762
LR228,0.593822972048627,7.24664511490984,0.120140221532408
LR229,-31.2085748713152,-13.7355362265792,14.0306404485877
LR23,-34.6133526157094,-13.7642898883506,6.0532395036688
LR230,-24.9748135323953,-5.00297322281523,-14.6315503554318
LR231,-38.6250262769058,-17.6430765783632,2.77504623220339
LR232,-14.586040215254,0.195411370660556,-12.0075867874417
LR233,-11.687581894664,0.948080902605553,-14.4967315830218
LR234,-27.108230809639,-8.50731898410631,-5.56017692339793
LR235,-0.891359864217723,7.46108671571398,-0.78137772881286
LR236,-32.4533011765872,-14.4131936257234,12.1414568204147
LR237,-1.62553917217119,7.84230246779911,-0.0365852433187379
LR238,-26.5841208636158,-8.72617141973798,-10.498243978283
LR239,-25.1411001958837,-9.82618165423155,7.42579912293869
LR24,-13.0713115656789,-0.0449413234376249,-2.70980092309529
LR240,-1.47973801725396,9.65055595377665,0.750443399423924
LR241,-35.4471754183242,-16.1268461315801,13.992011367793
LR242,-3.32433046062853,5.8011150469078,1.23706630806921
LR243,-3.80606593876483,5.08415381033196,-0.0920957432557477
LR244,-16.7474499498958,0.632113996782358,-28.5961949152307
LR245,0.968318862191027,8.14321798299589,0.838022637444875
LR246,-1.69284441402794,9.08983455499327,-0.949643599721918
LR247,-20.7498661271743,-6.71657758078974,8.19387079572196
LR248,0.330922597294125,7.06255866599782,0.239524008198799
LR249,-20.3973780232226,-4.48154514770315,5.09355593995918
LR25,-0.819676082105012,8.38365559054369,-1.20223443555669
LR250,-0.596478428690103,8.13621455256501,-0.446367257680489
LR251,-21.1093761242573,-7.21968798793176,10.0078781367244
LR252,-0.447202375153828,9.44688473263233,-1.40451515756565
LR253,-19.9470045291426,-3.83158955805544,-17.5780028398817
LR254,-34.0378154954535,-16.041308747013,10.5905679146319
LR255,-23.6467295487232,-6.61152712932571,-1.97158186055128
LR256,-33.582659304385,-15.6694300467764,10.1326965887651
LR257,-14.8530503461715,2.49096098214839,-11.5196171180384
LR258,-1.65667382434529,6.17578021339675,-0.219464776048369
LR259,-0.755844033102189,7.87092402043007,-1.75876865113853
LR26,-0.283579423455476,8.19533153103081,-1.13173776777919
LR260,-3.47748786043834,5.68818255033176,-0.577872770777417
LR261,-14.7958758541611,0.330978732240928,-22.6352313449421
LR262,-0.762443411472314,8.62842368063097,-1.14202731224183
LR263,-0.0463820323496808,7.51533874876545,-2.06029936401685
LR264,-8.0215532756767,4.66798978006761,2.89781929420928
LR265,-1.32786238219566,7.24191110196767,-3.32798230724096
LR266,-11.2811629762585,1.83937169455342,-8.2500047246145
LR267,-1.28292098036021,8.42301031032757,0.0284562139771652
LR268,-0.448267109207939,8.89493353689436,-1.95028860819738
LR269,-18.0076722884898,-0.531970968525213,-21.685067045362
LR27,-1.03632905983577,8.5403502914104,-0.567849434028069
LR270,-4.24840548162519,8.31264755383891,-7.5973862774924
LR271,0.170858124549462,7.1594207603583,0.897811063667188
LR272,-41.7953749873308,-20.0288344150209,15.763084301686
LR273,-3.02760900441405,7.08752479212346,0.795865102581754
LR274,-17.5076015568354,-2.92846983005156,-15.3011195523804
LR275,-0.318262438378078,7.48507354980162,-2.43848546381984
LR276,-34.0069176441324,-13.6144270585482,9.19854663331625
LR277,-15.7758824000719,0.0533331902076857,-23.8582360778297
LR278,-0.453197233599247,7.18378018563626,-1.39058272394649
LR279,-16.337221398139,-4.20552660933573,8.23391599795881
LR28,0.260751177955232,9.35908931842242,-0.418293604251758
LR280,-18.3405553722713,-2.18537157313332,-19.1040720809883
LR281,-3.12218729405354,10.9458788632732,-9.84043135023262
LR29,-34.3132072355609,-14.5115383440962,9.0744114115958
LR30,-1.97005719072518,6.54946053695174,2.17504573674393
LR31,-0.315320953828832,8.99340630106294,-1.19823406208414
LR32,-9.21555256344986,5.40272383170716,-17.5861622516611
LR33,0.105812323799839,8.72511477571944,-1.45696948491324
LR34,-1.07457434567185,8.66481042305214,-0.19821330007831
LR35,-0.0197232546052057,10.0420412174533,-1.5902632375129
LR36,-13.826039513359,0.145270718397775,-14.0997594655805
LR37,-8.97467594386218,3.63814742073902,-6.74404505497594
LR38,-3.89867329154677,10.7812003447587,-11.1804641843616
LR39,0.290430940495432,8.56822971946125,-0.813566355041682
LR4,-12.9479327338576,2.20034297172539,-23.3787251455632
LR40,0.089544093706725,9.56015165148875,0.801299403723853
LR41,-4.03275591390299,7.66342643168543,0.495031369541871
LR42,-1.69668381832163,7.84744760741011,-1.3141962561556
LR43,-0.447304797418132,7.96980333902823,-2.11749933747035
LR44,-1.19390956545306,7.68347359160836,-2.60687463639501
LR45,-0.589825520116403,9.31207421198972,-2.14937379222709
LR46,-0.0506336620979915,8.16677207861959,-1.30612631411408
LR47,-9.87777507238839,3.69939084491892,-14.2638879345565
LR48,-0.289169288250375,9.26625443289481,-0.806775341843516
LR5,-13.115391856172,1.21068085860766,-18.55871100377
LR50,-1.07454432745254,9.57249706139853,-0.624397895038479
LR51,0.795199956672302,7.31610330124171,0.284306778584308
LR52,-8.61265825258819,3.70826916304098,0.0611600686435729
LR53,-0.133331187287418,8.40457484802876,-1.2615297970012
LR54,-0.674340541965513,7.51732517862969,-1.58018696663339
LR55,0.135747078895001,8.72241396492515,0.430160395669779
LR56,-39.8437531522578,-20.7023872847011,17.200599393279
LR57,1.78595607103902,8.83277581418191,-0.368153553029957
LR58,-0.601989090316541,9.16188115325556,-1.64892577418031
LR59,-0.136262302173942,7.58677639770425,-0.176433215219209
LR6,-18.1908761524525,-2.48070117520289,-14.2771582720603
LR60,-32.1940036662731,-16.9147274121386,13.4243882758543
LR61,-0.849737419544759,6.61930833426084,0.807791851522566
LR62,-33.0943583801655,-14.35707197123,8.31493263709289
LR63,-1.27462054566516,7.65720240451268,-0.491761377768665
LR64,-13.6791406400315,1.08299381830535,-15.904098558504
LR65,-1.42165902797156,10.1092624749203,-1.34014406194635
LR66,0.341534327305728,6.56862949409128,-0.398118141004566
LR67,-0.264652634736446,7.2780916792488,0.233754889559494
LR68,-7.66558979212098,2.21497248807552,-6.96065301623405
LR69,-10.1394033651252,2.40515985630308,-10.2888147828675
LR7,-12.8509684084179,4.32404439912666,-20.6302853179023
LR70,-9.84311921516037,4.38625523447375,-11.8579623613046
LR71,0.183869504746598,8.64326506575407,-0.623751090796525
LR72,-8.97706709718394,4.16978049291237,-7.35850650029641
LR73,0.695256379172459,7.68397257594056,-0.493341926019706
LR74,-1.00240010585958,9.26086483977042,-0.887159738308625
LR75,-1.00205765224322,9.58067019174202,-1.14722487434482
LR76,1.27328813881602,8.54450667459588,-0.359976914090224
LR77,-0.444752488084017,8.11716489925343,0.580603921168865
LR78,-0.799405664150815,8.89027889913466,-0.77547759909543
LR79,0.13437973546089,8.65998484984253,-1.10084969015076
LR8,-31.4823924970628,-13.0958688465661,11.2201259372389
LR80,-38.815633689197,-19.5115991995539,14.1382834388817
LR81,-2.63527472984387,7.65463793831934,-1.99312524411442
LR82,1.75935506709748,8.81841647410385,-0.374772891995614
LR83,-20.2782163602271,-2.03454411696815,-1.0821911972002
LR84,0.733322198241914,7.27639744242429,-2.14383146117677
LR85,-2.66153342325886,7.09379369015682,-2.53261788010287
LR86,0.645003790738588,8.80841405538891,-1.12075609725773
LR87,-22.5736473244456,-7.5874656519524,1.47028739987699
LR88,1.22046345480291,8.00329678277978,-0.761986973970553
LR89,-8.15655973412414,4.97034641649596,-5.95292282232778
LR9,-0.582067155519961,8.89911641840697,-1.84780031624541
LR90,-0.875401080447743,8.14318833341233,-0.328682625117915
LR91,-0.230463775783116,6.97137475783073,-1.54477609851919
LR92,-2.71601569308458,5.42335622950984,-3.39595952180506
LR93,-1.01770478553648,10.9166594557375,-2.08882450301159
LR94,-27.2453390976584,-6.09595566171684,-26.3274522764194
LR95,-27.9439720505602,-9.02525728436136,1.93618501320259
LR96,-19.4871386455055,-0.97415205946618,-18.5468714977261
LR97,-34.776444266099,-15.0001626152546,9.81950387939914
LR98,-40.1346380778613,-17.2142853296578,9.82586951603741
LR99,-33.5611652447256,-16.0482523036917,12.106707143776
Q100,12.9623173120347,-6.57709936303646,4.99046237949999
Q101,11.1400301550921,-6.08088015251896,2.89766107623916
Q102,12.7041719421792,-9.534540945666,12.8611238334604
Q103,11.9979406475972,-6.46462759251543,5.7745000491639
Q104,7.03301710142164,-0.601438380791735,3.5583290890691
Q105,12.4653216740549,-6.40445294295075,3.60020010182344
Q106,11.7017976509902,-9.81471866887911,0.0755271134203569
Q107,14.2056513734982,-9.12901418936834,4.96351789168587
Q108,18.1622956976407,-25.7320538854645,-22.2322094619434
Q109,11.7553739335528,-7.53992568875863,3.14625632067692
Q11,1.87075327313734,6.85636840120747,2.02321873801757
Q110,9.14584818568614,-2.90825360436187,2.11290383112716
Q111,10.9181231481958,-6.99737590351077,2.30695829232626
Q112,10.6663029469814,-6.40775134385458,1.99124694469007
Q113,11.877271508707,-8.12979617291082,1.9337221375569
Q114,12.8133055925565,-9.39002479555514,4.07138317034008
Q115,12.7148113916374,-10.1102182786376,4.23393927793588
Q116,8.3330166314317,-1.12620182095826,3.43419657978541
Q117,11.7659036894868,-7.41549312413954,3.13539486377269
Q118,11.7437898643527,-7.25638277468759,4.38400916920283
Q119,7.58517818040012,-1.26882097660724,2.62900156720562
Q12,9.16778547709791,-6.45438313705545,5.03149990030578
Q120,9.6327950992859,-4.01930907877055,1.59837483768292
Q121,13.3162203935593,-9.05227449853111,1.34114972476029
Q122,9.16854513968798,-2.36729630225481,2.60176912464164
Q123,11.9867308441435,-6.24473176845697,3.56806276229839
Q124,24.7414760844725,-32.587108624701,-20.7886222314975
Q125,18.7334072338361,-25.649913640333,-22.1669355744087
Q126,3.25133383836543,6.46704800361377,2.71378458514769
Q127,12.6665860712547,-8.284596826971,3.21191993902424
Q128,11.1082322435297,-6.69814928111779,3.49446975426055
Q129,11.9758235613292,-7.67977287709179,4.63925640229805
Q130,12.7093368023846,-7.9720869902502,4.42466087805185
Q131,12.30494065922,-8.12636303784434,1.55693807870684
Q132,11.2751798368982,-7.81410607464641,7.7977046040514
Q133,12.1065270413762,-7.89830094709108,10.4695293926393
Q134,12.2906991312156,-6.34450529447592,3.67723437530738
Q135,11.9597754828988,-8.24447044596355,4.55593690754034
Q136,11.3856800751006,-8.08855240537445,3.74831382188323
Q137,19.8861359634293,-19.3814297830962,9.73846497523643
Q138,9.2445390536346,-6.29894791191369,2.96679660717303
Q139,7.48770392101728,-4.27530671458534,2.95242420096851
Q14,0.10341014629618,5.54053405840959,0.806926790244445
Q140,13.5095226632142,-7.75033893264016,2.15529538381082
Q141,11.7019736548874,-7.64781106040055,3.34037055029707
Q142,13.9300967367115,-10.7702881788573,9.3788029914562
Q143,8.92164200481323,-3.49017635525708,4.6874357151466
Q144,7.61517971119162,-2.05453463101109,6.50611158743732
Q145,7.4995507285697,1.08388834100292,1.25144625260467
Q146,14.510674549994,-11.4218111809287,6.12311217221064
Q147,16.7383555546278,-12.2907187952364,9.8102913910391
Q148,17.9358563453412,-23.1207969076132,-20.2491734513491
Q15,3.1641868705441,5.29164285721087,1.19470718402549
Q151,1.44178909436893,8.20060682917538,0.686174477667663
Q152,1.79331814946446,8.65172604267556,1.95502158500467
Q153,1.64938228941909,6.76409292975216,0.367479819273888
Q154,1.23257355286994,9.68919158677764,1.57255862721495
Q155,2.60212107701008,5.47362355915614,-0.830716480243246
Q156,2.57967878557714,6.45084368401113,0.812412575255165
Q157,0.346357571906706,10.3848740708808,-0.0656893928424464
Q158,8.39584202456608,0.972582526898354,2.01050362273829
Q159,3.55318920309051,10.1738334081757,3.45196180268859
Q16,4.96989966899986,-1.12785644191322,1.33914509406485
Q160,1.73556324858788,11.3803652462154,5.39608892416931
Q161,2.05729005753193,7.39080784878423,2.79618574619893
Q162,2.24074501508177,8.4971694677977,1.12028871490503
Q163,3.54495028663293,9.75184472865205,2.22203827480828
Q164,1.64482062391537,9.64663342619499,3.96361689432447
Q165,1.23615680513315,9.692120393578,-0.232311772181111
Q166,2.29655989256574,11.8639176009843,1.78648506398004
Q167,1.91137852298882,7.95713212022735,3.57342678309359
Q168,0.429482595416053,9.31438042171367,-1.20500201028675
Q169,1.000307108262,7.02077397112033,1.55661391065245
Q17,13.0469222659919,-10.9598029584783,0.800293166505745
Q170,3.16869074521004,9.98280391994585,2.64232279584624
Q171,3.06810771327138,8.83914326224188,1.12732537778393
Q172,2.65620238989641,10.0317387337843,2.05145286901736
Q173,1.6756323944514,10.5811332130856,1.30234521462618
Q174,1.27308066835592,9.58527698334117,2.92909181337313
Q175,3.24468827331904,5.78137429377023,0.177736632140017
Q176,1.19733963511761,6.78917991029769,0.798322975410018
Q177,-0.0555585815913152,8.57221043494632,-0.143288849447049
Q178,1.33466853588881,6.89765518657205,0.703285061063022
Q179,1.73725801854585,10.9772475285002,4.93847265445126
Q180,-0.0300553175852642,11.4430952367462,1.31946189184617
Q181,1.7913486657505,7.56229860462712,0.241427233756559
Q182,2.49065249605911,8.22228176181096,0.4696904088854
Q183,1.272209563471,8.14541214531562,0.16270491533801
Q184,1.27558937002667,8.2542112365632,1.47465575114474
Q185,1.43152664669654,9.08029350768998,3.35305856114432
Q186,1.26946915567768,9.50837841736534,2.94640832585954
Q187,7.06064431426768,3.4643351549297,1.85164830846864
Q188,2.66000182782556,7.98961856660693,3.40656981770527
Q189,1.10209627291716,9.61996988755258,1.76092580587744
Q19,0.806961876114812,5.76758094716629,2.25454846087439
Q190,2.28065000444986,8.92473577300632,3.16148475230496
Q191,3.07169394480088,9.70952083689719,1.34332210313872
Q192,2.71587483414024,12.2889388866783,2.21145681813621
Q193,1.54498057818183,10.1265333383054,2.61217649359857
Q194,2.51668927368534,10.7352872708899,3.50665699983588
Q195,1.38016787257047,7.60265840330593,0.548305971096726
Q196,0.414276254587943,8.85033894835149,-0.556686094932631
Q197,1.69690221729098,7.2549982969696,1.42307916275388
Q198,1.44824938280892,6.0522427054316,1.75571733653733
Q199,2.32839231417846,7.27724807688907,-0.00294991467146961
Q2,7.18711854861786,-2.07832208474694,2.24775571184295
Q20,11.6945845676016,-7.33026553933676,1.47742438978419
Q200,1.57532796095384,10.5065701026064,2.22285786740268
Q201,2.50192144557932,9.27118382590457,2.46083255055127
Q202,2.33176957628798,9.335204713546,3.68300301534616
Q203,2.5601639095242,10.024123812295,1.51283924891629
Q204,4.16902279051476,6.44937390221842,1.74960638337745
Q205,1.6562584835253,11.8264723394384,4.14101366816774
Q206,0.234877688754876,10.6491903044132,0.34654864090971
Q207,2.85379652366287,6.38833374299222,0.796126314116417
Q208,7.2130307608399,0.0364449750280846,2.53403337718582
Q209,1.2082960294771,6.55857971172904,0.193408944202396
Q21,8.41962042411776,-3.91898698815145,2.92482058239303
Q210,8.87753486060484,0.808754338029477,1.98064393043107
Q211,1.62245220653935,10.9307532443523,3.17777693261604
Q212,3.72905931651227,9.2593230857671,1.81205506892834
Q213,1.27240966916995,11.2862349160081,1.73973339322736
Q214,3.20067362580449,3.3769997005946,2.56680810073492
Q215,1.91919056408916,10.3273932033137,2.6959054432757
Q216,1.35260505144148,10.9957411912286,2.07987153105109
Q217,6.92357777500515,3.4821733176806,2.28472264044038
Q218,2.0771564751324,8.22748545441464,1.25156648821038
Q219,0.0769488233471264,7.31570337452859,0.312245519540674
Q220,1.94885103433697,8.09598893456114,0.671239580841368
Q221,0.505507847266549,6.94120277986271,0.556201299195288
Q222,1.74067585788973,6.20338096355578,0.306445985223919
Q223,1.98707212358042,6.03496115396432,1.43896016859416
Q224,2.34665655335605,10.6467054769117,3.90548863151733
Q225,2.34751331529498,8.94427613716409,2.31831563009939
Q226,1.58642340511409,13.1572482351014,6.30369041999903
Q227,3.07448698031269,5.42513884559702,3.43264111713086
Q228,2.89704243399458,5.94318591282015,1.24438529280866
Q229,1.94712289457256,7.55046213383498,0.6490346701437
Q23,15.3102859087059,-11.8637283530693,4.47501287193788
Q230,3.01180155507631,7.99137965248904,0.895052190396009
Q231,2.27875768019024,12.4733724946146,3.73063747523316
Q232,2.6706679720895,10.9545521567571,2.50374962254136
Q233,0.17511780198818,8.58744254063966,-0.164070919269866
Q234,1.79906145030918,13.181807374611,3.29180008079609
Q235,3.7470473006907,9.64389014046836,0.472141987944545
Q236,2.4504475953199,13.0532459700451,4.51029593971583
Q237,0.796561212905855,10.5911001381507,3.13594485069813
Q238,3.23999016909269,12.01127973834,2.22206740998449
Q239,2.95451162406986,8.98953178254088,3.14157607671593
Q240,1.78121446874561,10.5293767779284,1.99618077563205
Q241,2.37192156442284,10.2906308692251,0.985157056827312
Q242,2.09112992635429,11.9431920553921,3.80952510033613
Q243,1.27761973420966,7.47696742197874,0.143050326277782
Q244,2.32538144906068,8.89250473478511,1.90442905542604
Q245,2.66830231552602,8.44406380557386,3.1725053288547
Q246,1.99976286413214,7.27570164626639,1.63899489031215
Q247,2.12921682916159,11.0006310851032,2.64718271866532
Q248,1.31729377287861,8.2207036064121,1.8078013105607
Q249,1.58889386084966,5.98657153572575,3.01153123388483
Q25,3.25758217038429,6.55875921374797,1.8595730059021
Q250,0.946915953873583,8.32567757511147,0.805657656819781
Q251,2.1869567497891,6.56697912759233,0.0587455808521154
Q254,2.39698212702957,12.3078544730023,3.91203648626202
Q255,1.16074385797601,7.06645681931906,1.72081646976556
Q258,0.193372338325606,5.92795806884942,-0.786179424574555
Q26,21.9150891671293,-22.3301306445157,5.04360463189571
Q261,-0.391659599900139,6.94332009678568,0.77436305248499
Q264,1.74910720344086,7.3837958240754,2.49085490449451
Q266,2.58774474809652,10.0780817664177,2.6513845527151
Q268,1.70122202768215,7.91385192700074,0.639204927913689
Q27,13.0223693603833,-7.95477906839045,3.79526996193235
Q273,4.39108706618104,4.02956601752949,2.2678200671698
Q275,2.06737518566316,11.0952574611008,2.66032001695371
Q276,3.09858409671448,10.4703900604859,3.4009817028043
Q278,2.70920973616381,9.8422812206384,4.08281110581892
Q279,6.92766711502854,-0.681834788331805,3.59322509574241
Q28,13.4145500736481,-10.6794306347279,10.146940899471
Q280,1.28594952503951,6.34044799014315,2.42618996996509
Q282,2.35886293997665,6.70310416825971,-0.22261523568576
Q284,2.44194799149005,11.1977245696658,1.96635580883732
Q288,2.612262410948,11.0158753598924,3.88169851791871
Q29,12.3105005711659,-9.42711594453176,3.43458483749709
Q292,2.13772662129753,10.40319062681,0.0461325294783951
Q297,3.14886558644911,10.8281758681331,4.14023310126255
Q298,2.06726818599492,7.94156784918631,0.173219562364233
Q3,12.4728566219092,-8.7194209687054,3.00561698762799
Q30,12.8399167441936,-7.73042845486003,4.22563572902328
Q301,1.35531933333305,7.67464910645821,1.06953946674716
Q302,2.0241792897957,10.2889769938689,3.66702897798621
Q303,5.56031288366579,2.92883962212909,1.57251275355512
Q304,0.630757146575788,9.2446723067997,-0.613961442869123
Q305,3.60803680775725,9.18577567465939,0.379809347795144
Q306,4.0938921013844,9.84506489995254,1.40809960461533
Q307,1.35897671825487,9.36852857404767,2.07344473672483
Q308,2.93120745575704,11.0196809635031,4.01658968122335
Q309,2.71289511147415,11.1652652322332,4.62098356790371
Q310,3.18779149324111,9.00147082706281,1.3425261327117
Q311,1.66112760540914,9.47720303749758,3.11640699485465
Q312,3.79438621078546,7.95276323324182,1.97182017014971
Q313,2.0729737685416,8.10666815215003,-0.062591232014104
Q314,1.5789310505661,8.18111894878882,1.8102741249596
Q315,3.63450114761896,9.1650648810903,1.88179900485729
Q316,2.46003087607627,8.23396381120527,0.258671025629334
Q317,0.703048565590744,11.3969091272876,3.40386024151469
Q318,1.92259108671281,10.623845868058,0.71248218379368
Q319,-0.159996701453062,11.3167232486651,1.37619285531493
Q32,12.1223533226378,-7.54301028734064,3.66640668917919
Q320,1.11178520355228,9.5910316240385,3.27232144220214
Q321,2.630749358147,8.32218573574428,0.636162281730411
Q322,2.66389980291672,7.84314413667748,1.70935591667762
Q323,2.83689735735558,8.14294176233309,0.565246365132066
Q324,1.32374942988813,8.66050715575682,1.9050310407567
Q325,2.73067095769365,9.83051432517842,1.11352441242782
Q326,2.18108902020718,10.9417219092838,3.67193576146894
Q327,4.23019225878313,9.89227228221897,1.07164502988508
Q328,1.80987859243144,6.65962648686047,0.487653820826172
Q329,1.13672481859316,7.97435329463552,-0.275656572734111
Q33,11.4021980832272,-5.62689664975389,5.02289902631727
Q330,6.44823518026223,0.58905004282688,2.44813992971494
Q331,1.35088643462318,9.07387223625011,0.996953500277132
Q332,3.35953372944876,11.2934649128302,2.05044974527821
Q333,2.82530096244881,11.5678699813044,3.61788428991975
Q341,1.35476308417438,6.58739584615284,1.61562838949419
Q342,2.77062271453492,6.23656672557685,2.59565809996591
Q343,2.57760653678428,7.12551448864152,1.20837091635636
Q344,2.75456953632025,7.83104174713392,1.10228195518238
Q345,2.24323634496541,7.04451585943562,0.613576325212976
Q346,2.56860608597124,7.4278138790986,-1.28808799929739
Q347,2.23153629722028,7.60827497889786,0.288071647051598
Q348,0.597861643392258,8.05098413681518,-1.11448024908465
Q349,0.880173151408538,7.67097281949161,0.281799600540817
Q35,12.4184466640397,-7.73486638502881,2.77354218925432
Q350,2.2043985349842,7.815285844228,2.88793686832479
Q37,12.8091994111819,-8.93033104376407,7.01567416033006
Q38,20.6537259589866,-31.1116829043053,-18.5913113317345
Q39,12.0295542925621,-5.49612676678278,3.78381193713292
Q4,9.00741413904952,-5.71909894828511,2.41215374788598
Q401,12.0804216092295,-7.59687626229825,3.47716237592948
Q402,12.7498324893134,-8.60084685503292,5.69971899069037
Q403,24.3168573108057,-33.5484602300949,-20.0560444385335
Q404,22.7094809294799,-30.188346787038,-18.8267815076656
Q407,20.1855621756791,-17.8958251068114,12.8448577185949
Q408,22.7175320959666,-33.8104020775609,-19.2550213972426
Q409,12.1779444916522,-9.1625883027896,4.50118216534845
Q41,18.1876873315415,-16.4015184843393,15.6142874620297
Q410,13.1723514895408,-9.42039390809447,4.8480051198458
Q411,23.6840714557811,-33.4897360753082,-19.7603811394504
Q412,13.4050572698349,-10.6086703278831,10.128436043411
Q413,12.2985568748483,-9.68468873423427,0.128457596275585
Q414,22.3879233893371,-23.2948776056298,2.21749149231708
Q415,14.429283321502,-9.59626294990412,7.73500839612662
Q416,11.5311762183826,-6.75246275977625,5.37576645279094
Q417,19.275101503747,-18.4446915130412,8.96346901730635
Q418,12.7463577819838,-10.1429053751183,4.23245103111686
Q419,18.3508909581129,-24.4678734237532,-20.2187290580164
Q42,19.1412763571648,-25.19018925382,-22.2249462143572
Q420,12.2138033271763,-7.69850029451394,2.17959850554596
Q421,12.7365537212346,-9.55003446260067,12.8737812348408
Q422,11.0343674848426,-6.81965042490758,1.50402583296715
Q423,8.44630115938783,-2.82620118322005,4.68753337675781
Q424,11.5998642031828,-7.50980158567204,2.00126345834673
Q425,12.7264875877566,-9.52050606393735,12.8419652637949
Q426,18.2157241641676,-16.645577372741,10.4388449024748
Q427,9.77796886536152,-6.64135189052573,3.31659016490716
Q428,23.0646286288032,-32.0518030720586,-20.3834444455418
Q429,12.8373996758614,-8.5051948857432,0.816647162076825
Q430,11.7986099911967,-8.00583401891895,3.49129123506106
Q431,18.2122957221636,-16.4062136485674,15.6442659035147
Q432,5.22513229461265,2.94130158935072,2.2545803009079
Q433,22.7654239260718,-30.6692551563777,-19.4999423162793
Q435,9.63097274681403,-6.72570482664748,7.60303009545905
Q436,17.7025784246322,-25.0047311085673,-19.7971255498172
Q437,9.09034994060824,-4.88437521239542,2.96320080989627
Q438,14.1468706892058,-9.11100617872656,5.00431385865267
Q439,11.4372507209523,-7.8043566963573,7.0992367686332
Q44,11.1979725263062,-6.85336304322283,3.64529552501818
Q440,10.6951667667061,-4.99982184883255,4.36367381488267
Q441,12.5906147657539,-8.60682797340266,3.60400803439843
Q442,11.0918065241898,-7.8162125293567,3.70929160078097
Q443,14.9172177937599,-10.5533238402174,5.5423423067153
Q445,12.1867031966954,-6.25933433272692,3.86979713166218
Q447,12.4804237503348,-7.13662476698197,3.14806524594175
Q448,8.79792521734339,-2.70517880421777,3.7913726368829
Q449,23.5072348338159,-32.8339212197163,-19.2321768416749
Q45,12.7525843425546,-9.5093566572692,12.8089583417275
Q450,12.7498139753821,-8.74137548073256,1.37306602958102
Q451,13.2050027278326,-9.09924823803228,5.74002171831047
Q452,11.4645161111383,-8.05443421968535,4.16885319431192
Q453,11.6240494236549,-8.65072363668661,5.95989345066827
Q454,13.0946924413252,-6.50479725239815,3.51543682446515
Q455,2.49740268790057,4.32416391149828,-1.54216971024888
Q456,11.6762860319292,-7.55141813051865,3.73253220268643
Q457,10.312339990555,-6.28142401779064,4.85895379131711
Q458,22.4597220071399,-24.5468398892332,5.06297495172435
Q46,12.6299913424389,-8.48162084056183,7.14543375623564
Q460,11.4532010563105,-8.06906123448569,4.93547413382753
Q461,13.9284233313011,-8.90022401608552,7.48702877446224
Q462,13.5297012061355,-8.96336019112182,2.60325026974913
Q464,7.75203911122888,0.310144772904443,4.03538007871352
Q465,8.90031854819833,-3.29981391550691,2.55657434057255
Q466,22.9081463221386,-32.1461429737079,-20.3478643829614
Q467,12.7211607322506,-10.2464878535548,9.20882512257394
Q468,18.0458313622394,-25.5575178669681,-21.8418640783453
Q469,2.6965038441684,6.57545894975316,0.25126819885829
Q47,8.98892696034291,-2.18319549824767,5.19009730519528
Q471,11.3750711843566,-6.39150579335182,9.29527981573466
Q472,11.8838348298472,-9.39792642186182,0.641988636187173
Q473,0.856048172341891,4.80389754530702,-1.38369909024314
Q474,23.1827571262115,-32.5846589479792,-19.4255337282779
Q475,12.046647124041,-6.50058752390706,5.81760474775395
Q476,5.50665363362796,-0.586426209790868,3.79836177907972
Q477,22.3213161621893,-31.9944325528928,-19.4596082355031
Q478,15.7821218738229,-13.0753973142856,9.79487241041837
Q479,6.57738314772215,1.15895053638303,1.38544018912852
Q48,15.8341376409758,-14.3562490733268,3.98530870606837
Q480,17.4069566918203,-25.1444846026757,-21.6843290163501
Q481,10.8455600742362,-6.21885021573767,4.98956242759899
Q482,10.4332675936743,-8.80927516785831,4.3906088968042
Q483,11.6020581167923,-7.60904695247964,1.30856701077212
Q484,9.61535064062043,-4.05278519746008,1.59202728221353
Q485,12.6463924148021,-8.51283689577513,7.0915659828305
Q486,12.577512372343,-8.39268075442394,3.35983801073133
Q487,18.4408653598563,-24.9832045681776,-20.8711086294045
Q489,12.3769206747608,-9.48637567621598,3.35805933365644
Q49,12.3223385734521,-7.9431134855414,4.08925768379534
Q490,13.6775486297567,-10.4898984507887,3.40365494158931
Q491,6.85203912284159,-2.57123698004218,3.32892421866341
Q492,12.548687585021,-8.72570127757364,2.99467073491096
Q493,6.83616277919125,-1.31281326204981,1.8141837374275
Q494,6.84359269181955,-2.64445593290767,3.32686558064995
Q495,2.14534244101615,7.5930120629853,0.0121372315379343
Q496,2.9453722280627,4.87238242820334,1.00364933855398
Q497,8.69553499041883,-0.500169590780238,3.29556474942845
Q498,8.32756291530614,-1.83966970796371,3.14989079557977
Q499,1.8382002558496,6.33961827581966,-0.205804213198918
Q5,11.9760491852725,-11.2493322151395,3.2133703531398
Q50,12.3500098182112,-9.79444941567681,0.149207084171868
Q500,1.61654776198018,6.95182532033128,0.973248426679657
Q501,4.13171417153998,0.441691103109934,0.838331727114375
Q502,2.8574700147985,8.20097022933195,-0.497899910232128
Q503,7.26623632177226,-0.725986347299345,4.05429465118851
Q504,0.817106373002647,5.28742655182053,1.27913566917905
Q505,1.96524494708673,6.62709486806008,0.487250949647027
Q506,3.32295661304166,5.82761309696566,1.83310817527269
Q507,2.44758465650607,5.3780997194119,1.26717371861247
Q508,2.19069842983525,6.90372730403501,0.667933763237261
Q51,7.74815447033893,0.346831303100187,4.04660896592409
Q511,11.3823124817153,-7.58001752549117,3.52649980085196
Q512,2.03963561296501,4.67557879639966,1.16846060635809
Q513,4.09449575451472,3.30187890808492,1.60488934970077
Q514,0.969797080514665,5.62217897330503,0.933147987999304
Q515,7.94499691604478,-0.340261349350048,2.82017334656674
Q516,2.80470234652451,4.55497466682716,1.69985662176991
Q517,8.46394086724568,-2.15763352017378,3.05841025451229
Q518,1.06767029282946,6.09356158945354,0.426430420378553
Q519,10.5671319114484,-3.20903934905375,2.68446966048192
Q52,24.3287986235474,-33.5472093465961,-20.1220457761364
Q520,2.82605633356733,5.81252703839108,-0.954082026717861
Q521,2.59568788674636,5.205188816829,0.518983898036451
Q522,2.79678681270588,7.12771525081555,0.923510649872538
Q523,7.32209389959458,-0.137757107512683,2.50009689314166
Q524,0.299338387510116,6.60082917857772,2.37487832078263
Q525,0.6894446650171,4.95566200793953,1.69228402847489
Q526,3.429060965889,5.95882533530423,0.123951489322018
Q527,2.67300968615985,6.50093666647457,1.53482824189841
Q528,3.38161062470862,7.94500192338106,1.1771025342287
Q529,2.43912924947269,5.57350669496199,1.31384379240213
Q53,11.6523862529563,-9.79620545671053,2.90484981902007
Q530,1.2662297094964,7.04339171929425,-0.129634846679879
Q531,2.81845126956134,6.94476643570019,0.551628645692863
Q532,1.42879472589317,7.30364133468933,0.813332847292485
Q535,2.397689194795,5.97844028849302,1.09829598403632
Q536,2.07823547270399,6.9913936265055,2.14010769014272
Q537,2.0059616708724,6.42255128883301,1.02406680332724
Q538,2.49970743526111,7.41964441884233,1.82135163938617
Q539,1.50770460663957,6.31977134395332,1.85915011812463
Q54,11.3774908189462,-7.11674448776354,4.4270245360058
Q540,0.977077009726574,5.7281212199549,1.26550902527668
Q541,2.13587692056239,4.74532412162224,0.631153939884776
Q543,1.4794151643224,7.39420039010247,1.76369788950793
Q544,1.78437357552378,6.31873210716867,1.71285681737194
Q546,1.33503125584886,7.22433548567651,1.66680945799926
Q547,1.43266121710169,6.16209358750384,0.131858393316361
Q548,2.11972788954608,7.79350017878777,1.38965114580001
Q549,2.61764121545186,6.53685866014333,0.566424129903977
Q55,11.9639877033391,-7.3645495402923,6.08084730324751
Q551,4.01016073051628,6.31299358889526,0.309860147792967
Q552,3.04356030319311,4.80514185717135,1.81399240018195
Q553,1.63908748356529,4.93165916292944,1.47533930841419
Q554,1.35411488019903,6.22110279802597,0.11174524396262
Q555,2.01341612775876,4.06142258261484,1.73192981130331
Q556,5.34564335317698,2.25414465427664,2.42035738696019
Q56,11.753296869293,-7.96108932974259,3.95678033334952
Q57,14.0181485309105,-8.99048207170088,7.53109523233147
Q58,10.4446323260884,-8.8567631855762,4.45152274120129
Q59,14.4080226825215,-9.60166172212162,7.7821052588593
Q6,0.621742126873536,6.3142063830039,2.35162620237066
Q60,12.8275756545776,-8.41611359445742,5.16674914391062
Q62,7.87707165337585,-2.86339026731419,3.42200148820397
Q63,22.433787976928,-24.5714214200261,5.02593894245206
Q65,13.1163003372335,-9.06334546128004,5.77352397805225
Q66,12.2503051866936,-6.25855451413202,3.95126029327036
Q68,12.56165334054,-7.47899461733611,2.04376289436447
Q69,12.8315210590375,-10.2882753103079,9.22582649489596
Q7,14.0865799073507,-12.2480186858669,2.92740035817512
Q71,13.2637058970584,-9.38569107967074,4.87412328142314
Q72,10.7657645903681,-7.83284415987601,2.38017197044984
Q73,12.1601674324509,-8.06736800816396,3.04651477331002
Q75,12.8521996562574,-7.21339131900028,4.08402598278042
Q76,13.3856152549782,-9.2186288056094,3.73613396939441
Q77,10.7766194348472,-6.66216978228833,6.40743195466897
Q78,6.36323941305884,1.82972709532173,3.72919005176964
Q8,2.06522876610159,6.8064334682212,1.17467252022176
Q80,10.4199411143055,-6.54419109092,3.44354810769309
Q81,10.6622430247902,-4.21844973123855,3.5214942238988
Q82,11.4259874262601,-7.81657789430219,7.08867564651956
Q83,13.3090374221626,-7.99387858262758,4.02213323743203
Q85,12.6693378045747,-9.24497276358216,4.03694608801092
Q86,8.82190442542562,-2.60168688541765,3.77454914915406
Q87,12.6359064960832,-8.43446599913048,3.30161598294122
Q88,12.6417067112998,-8.60287447173955,3.5818710221911
Q89,11.6613590146845,-6.83127144125789,4.92884309693529
Q9,3.05166458955977,4.85112370523648,1.21511685601288
Q90,11.5981171341016,-7.79064556379992,2.31142612272666
Q92,6.35450384896558,-0.00134559691014012,3.26153181648987
Q93,10.2311749389587,-3.15340055969846,3.14068785027445
Q95,9.63972495067089,-6.24962859062855,1.40770728321923
Q96,10.6948455598934,-7.41052867727456,3.60358847242356
Q97,23.0152839944322,-32.0617494259342,-20.3199090766425
Q98,17.7203633242283,-23.8826793818704,-19.7062700283701
